Array Size,Thread Count,Time (ms),Speedup,Efficiency (%),F Amdahl
1000000,1,1486.97,1.88899,188.899,0
1000000,2,2232.75,1.25804,62.9018,0.41022
1000000,3,2330.32,1.20536,40.1787,0.255561
1000000,4,2056.68,1.36573,34.1433,0.357056
1000000,5,1691.97,1.66012,33.2025,0.497044
1000000,6,1728.16,1.62535,27.0892,0.461699
1000000,7,1608.44,1.74633,24.9476,0.4986
1000000,8,1291.01,2.17571,27.1964,0.617577
