Array Size,Thread Count,Time (ms),Speedup,Efficiency (%),F Amdahl
100000,1,263.258,1.13733,113.733,0
100000,2,209.177,1.43137,71.5685,0.602737
100000,3,152.312,1.96577,65.5255,0.736939
100000,4,150.37,1.99115,49.7788,0.663704
100000,5,168.295,1.77908,35.5816,0.54739
100000,6,105.978,2.8252,47.0867,0.775251
100000,7,95.1113,3.148,44.9714,0.79606
100000,8,108.417,2.76165,34.5206,0.729026
