Array Size,Thread Count,Time (ms),Speedup,Efficiency (%),F Amdahl
100000,1,10.6056,2.07135,207.135,0
100000,2,9.73096,2.25753,112.876,1.11408
100000,3,8.70992,2.52217,84.0724,0.905275
100000,4,7.91296,2.7762,69.4049,0.85306
100000,5,7.59729,2.89155,57.8309,0.817705
100000,6,7.87558,2.78937,46.4895,0.769795
100000,7,6.67312,3.292,47.0285,0.812272
100000,8,6.08904,3.60778,45.0972,0.826081
