Array Size,Thread Count,Time (ms),Speedup,Efficiency (%),F Amdahl
1000000,1,80.7035,1.5274,152.74,0
1000000,2,79.7687,1.5453,77.2651,0.705755
1000000,3,69.7484,1.76731,58.9103,0.651252
1000000,4,71.0107,1.73589,43.3973,0.565237
1000000,5,70.462,1.74941,34.9882,0.535473
1000000,6,70.6941,1.74367,29.0611,0.511794
1000000,7,70.3939,1.7511,25.0157,0.500419
1000000,8,70.742,1.74249,21.7811,0.48698
